ID,name
1046161804,Cthulhu Gold & Silver Ingots
108863281,Portals to Another World
1094089138,Bea Arthur's bust
1121871977,The Lost Bowl
1138673784,Queer Storytelling
1144770978,Turf
1159708197,Edinburgh Escapades
2448191,Goodbye Fusion (Canceled)
2451748,Baby Bums and More
2457444,Jewelry for Mom and Baby
2466909,THE NEXT WORLD TAROT
2472752,UpCycled Pallenture
2476879,HOMEBOY 3 -  A Hip Hop Inspired Urban Comedy
2501251,Call of the Sea... CoastalRise Summer 2012
2502941,Congregation of Baconology - The end of Winter bacon party
2504670,AUDITION: One hundred actors. One love story.
2507203,Finding Saxicola
2517620,X-Key: Our Voices Are One
2518033,Impi Automatic Sapphire Back Upgrade
2519601,Bad Decisions
2529718,"LUCIï¿½, Advanced Lucid Dream Inducer (Cancele"
2533322,Never Ending Night
2549128,Genomia
2569819,Dual Aux lights for cars
2588887,Conquering My Anxieties (Canceled)
2595797,Remnants: Finishing Phase
2606731,VST BMX Reunion
2613569,Reset: The Sequel
2614753,MAGNET EXPLOSION !?!
2617314,Seith and Sword
